PrototypeSet,Pair,Variable,r,p,N
Original,mpnet × bge,deterrence,0.6778669953346252,5.278553070137672e-68,496
Original,mpnet × bge,incapacitation,0.7375980019569397,2.7459286357707225e-86,496
Original,mpnet × bge,rehabilitation,0.7095208764076233,4.096529037052929e-77,496
Original,mpnet × bge,retribution,0.798507571220398,5.852199164490518e-111,496
Original,mpnet × bge,revenge,0.7656619548797607,1.0175208524335043e-96,496
Original,mpnet × bge,suffering,0.7601862549781799,1.4295477023011163e-94,496
Original,mpnet × bge,exclusion,0.7708646655082703,8.16179678625398e-99,496
Original,mpnet × bge,pro_minus_dark,0.77567458152771,8.401174467102651e-101,496
Original,mpnet × voyage,deterrence,0.6771869629136607,8.047459388992278e-68,496
Original,mpnet × voyage,incapacitation,0.7211964187727142,8.606135952173222e-81,496
Original,mpnet × voyage,rehabilitation,0.7044284045298269,1.444694016253835e-75,496
Original,mpnet × voyage,retribution,0.6547934449534807,4.707946740256888e-62,496
Original,mpnet × voyage,revenge,0.6892247391824704,3.877931955124256e-71,496
Original,mpnet × voyage,suffering,0.7516470358830378,2.4638255365267924e-91,496
Original,mpnet × voyage,exclusion,0.7422668766891709,6.280011579510526e-88,496
Original,mpnet × voyage,pro_minus_dark,0.7179526978102297,9.445614648674324e-80,496
Original,bge × voyage,deterrence,0.6089375490903429,1.1716047004699568e-51,496
Original,bge × voyage,incapacitation,0.6842345074253074,9.61985116694879e-70,496
Original,bge × voyage,rehabilitation,0.6239409490850787,7.201803350498272e-55,496
Original,bge × voyage,retribution,0.600492636853595,6.3400369615033465e-50,496
Original,bge × voyage,revenge,0.6438157329446419,2.109841044686983e-59,496
Original,bge × voyage,suffering,0.738780003118132,1.0632296439410505e-86,496
Original,bge × voyage,exclusion,0.7455147808550563,4.3198500337308004e-89,496
Original,bge × voyage,pro_minus_dark,0.712923975774122,3.6267555709379776e-78,496
Formal,mpnet × bge,deterrence,0.7494524121284485,1.592820306578616e-90,496
Formal,mpnet × bge,incapacitation,0.7358335256576538,1.1210487779671145e-85,496
Formal,mpnet × bge,rehabilitation,0.6702821254730225,5.467851236731138e-66,496
Formal,mpnet × bge,retribution,0.7722421288490295,2.226694117983433e-99,496
Formal,mpnet × bge,revenge,0.6981191039085388,1.0752932121564173e-73,496
Formal,mpnet × bge,suffering,0.72861647605896,3.149724132439088e-83,496
Formal,mpnet × bge,exclusion,0.6403989195823669,1.3410533531046621e-58,496
Formal,mpnet × bge,pro_minus_dark,0.5876391530036926,2.204607658489576e-47,496
Formal,mpnet × voyage,deterrence,0.682390558551955,3.1004212913898977e-69,496
Formal,mpnet × voyage,incapacitation,0.5914341050394171,4.026043397910029e-48,496
Formal,mpnet × voyage,rehabilitation,0.6363532405252421,1.1625364052610032e-57,496
Formal,mpnet × voyage,retribution,0.6920628258652455,6.064278354051846e-72,496
Formal,mpnet × voyage,revenge,0.5990960489400952,1.2127943344638524e-49,496
Formal,mpnet × voyage,suffering,0.5746705510001483,6.233387188863882e-45,496
Formal,mpnet × voyage,exclusion,0.5741358246055133,7.824687722253497e-45,496
Formal,mpnet × voyage,pro_minus_dark,0.4279503189918347,1.6592532826594218e-23,496
Formal,bge × voyage,deterrence,0.6264439496550536,2.0163399849306704e-55,496
Formal,bge × voyage,incapacitation,0.6953064858299982,7.083925177904818e-73,496
Formal,bge × voyage,rehabilitation,0.6643845671913324,1.836327611999839e-64,496
Formal,bge × voyage,retribution,0.6330560570608701,6.599585286118815e-57,496
Formal,bge × voyage,revenge,0.5432807211856661,1.981764231293296e-39,496
Formal,bge × voyage,suffering,0.5720696216145895,1.8763543104382974e-44,496
Formal,bge × voyage,exclusion,0.652104514656184,2.1502197493295297e-61,496
Formal,bge × voyage,pro_minus_dark,0.5098247359124821,3.6026793328950072e-34,496
Colloquial,mpnet × bge,deterrence,0.5391133427619934,9.653069832020908e-39,496
Colloquial,mpnet × bge,incapacitation,0.7168097496032715,2.1794353676651717e-79,496
Colloquial,mpnet × bge,rehabilitation,0.717132031917572,1.7223382031496766e-79,496
Colloquial,mpnet × bge,retribution,0.7347939014434814,2.5544798916688134e-85,496
Colloquial,mpnet × bge,revenge,0.724904477596283,5.335393136251896e-82,496
Colloquial,mpnet × bge,suffering,0.7374607920646667,3.064320476245632e-86,496
Colloquial,mpnet × bge,exclusion,0.6765895485877991,1.1645961196828025e-67,496
Colloquial,mpnet × bge,pro_minus_dark,0.5727487206459045,1.4085688778977587e-44,496
Colloquial,mpnet × voyage,deterrence,0.5809779996847696,4.132095323360361e-46,496
Colloquial,mpnet × voyage,incapacitation,0.7967197476490171,4.0663554347860895e-110,496
Colloquial,mpnet × voyage,rehabilitation,0.7610677809611028,6.506454248849638e-95,496
Colloquial,mpnet × voyage,retribution,0.7533530570061415,5.69686912079922e-92,496
Colloquial,mpnet × voyage,revenge,0.7619950615201985,2.8324770825991916e-95,496
Colloquial,mpnet × voyage,suffering,0.763784403808173,5.630116369115325e-96,496
Colloquial,mpnet × voyage,exclusion,0.7737930612117525,5.100809533366039e-100,496
Colloquial,mpnet × voyage,pro_minus_dark,0.6339842805169175,4.0564411071415646e-57,496
Colloquial,bge × voyage,deterrence,0.42723630659293754,1.998844816160095e-23,496
Colloquial,bge × voyage,incapacitation,0.7765604528817749,3.5718658894901794e-101,496
Colloquial,bge × voyage,rehabilitation,0.7217510861031989,5.693995395212568e-81,496
Colloquial,bge × voyage,retribution,0.6577502697369059,8.702093333612772e-63,496
Colloquial,bge × voyage,revenge,0.6334643970900784,5.328683810267934e-57,496
Colloquial,bge × voyage,suffering,0.695481806713828,6.302557605505193e-73,496
Colloquial,bge × voyage,exclusion,0.7482697635775777,4.319556207166784e-90,496
Colloquial,bge × voyage,pro_minus_dark,0.6121735446960904,2.4586178905241695e-52,496
LayFormal,mpnet × bge,deterrence,0.5784981846809387,1.209471533401217e-45,496
LayFormal,mpnet × bge,incapacitation,0.6854997873306274,4.28775261015036e-70,496
LayFormal,mpnet × bge,rehabilitation,0.6887373328208923,5.3215579213612634e-71,496
LayFormal,mpnet × bge,retribution,0.7717092037200928,3.684503549826444e-99,496
LayFormal,mpnet × bge,revenge,0.6403305530548096,1.3913206509385907e-58,496
LayFormal,mpnet × bge,suffering,0.7552363276481628,1.115543603036779e-92,496
LayFormal,mpnet × bge,exclusion,0.7018230557441711,8.683598907203593e-75,496
LayFormal,mpnet × bge,pro_minus_dark,0.646963357925415,3.760002696612924e-60,496
LayFormal,mpnet × voyage,deterrence,0.6082246574007685,1.648604455046475e-51,496
LayFormal,mpnet × voyage,incapacitation,0.7518034534853226,2.1553424680698954e-91,496
LayFormal,mpnet × voyage,rehabilitation,0.7285047729554918,3.4320274332925874e-83,496
LayFormal,mpnet × voyage,retribution,0.7550010750695573,1.3687304448546668e-92,496
LayFormal,mpnet × voyage,revenge,0.5592140386595853,3.7787428040724105e-42,496
LayFormal,mpnet × voyage,suffering,0.770586431093436,1.0599564734737063e-98,496
LayFormal,mpnet × voyage,exclusion,0.7200067735317293,2.0801665237185753e-80,496
LayFormal,mpnet × voyage,pro_minus_dark,0.5803074316133845,5.52952342264355e-46,496
LayFormal,bge × voyage,deterrence,0.47274556601674356,5.543519937635776e-29,496
LayFormal,bge × voyage,incapacitation,0.7187316485887945,5.329949098629767e-80,496
LayFormal,bge × voyage,rehabilitation,0.7320521271724758,2.200614315886716e-84,496
LayFormal,bge × voyage,retribution,0.7035785839517741,2.5988285657625725e-75,496
LayFormal,bge × voyage,revenge,0.5603135113946015,2.4222293448655228e-42,496
LayFormal,bge × voyage,suffering,0.7017004077173286,9.443661116857879e-75,496
LayFormal,bge × voyage,exclusion,0.7648862361224971,2.0670423740003195e-96,496
LayFormal,bge × voyage,pro_minus_dark,0.6155669467193094,4.689655895075252e-53,496
AntiTaut,mpnet × bge,deterrence,0.5753841996192932,4.599063774265941e-45,496
AntiTaut,mpnet × bge,incapacitation,0.6685145497322083,1.580950633208349e-65,496
AntiTaut,mpnet × bge,rehabilitation,0.6442015171051025,1.7096849926374002e-59,496
AntiTaut,mpnet × bge,retribution,0.6412578821182251,8.443058743297794e-59,496
AntiTaut,mpnet × bge,revenge,0.6200875639915466,4.998433563231543e-54,496
AntiTaut,mpnet × bge,suffering,0.5749056339263916,5.639701456349125e-45,496
AntiTaut,mpnet × bge,exclusion,0.548470675945282,2.67393593214327e-40,496
AntiTaut,mpnet × bge,pro_minus_dark,0.6238208413124084,7.653467516219783e-55,496
AntiTaut,mpnet × voyage,deterrence,0.6048515487197572,8.20172560576521e-51,496
AntiTaut,mpnet × voyage,incapacitation,0.5381571311939635,1.3838127116804772e-38,496
AntiTaut,mpnet × voyage,rehabilitation,0.6241590993600484,6.4484413650958654e-55,496
AntiTaut,mpnet × voyage,retribution,0.5212803632784447,6.625572955262494e-36,496
AntiTaut,mpnet × voyage,revenge,0.40714617083112736,3.1525077744142683e-21,496
AntiTaut,mpnet × voyage,suffering,0.30568514879495395,3.451527092656204e-12,496
AntiTaut,mpnet × voyage,exclusion,0.5643475398981066,4.6707818527110456e-43,496
AntiTaut,mpnet × voyage,pro_minus_dark,0.5647865854736367,3.899396423936222e-43,496
AntiTaut,bge × voyage,deterrence,0.563963975541256,5.467384894693966e-43,496
AntiTaut,bge × voyage,incapacitation,0.5612184460153681,1.6776975978314675e-42,496
AntiTaut,bge × voyage,rehabilitation,0.6073013887392967,2.5625242814671607e-51,496
AntiTaut,bge × voyage,retribution,0.5757240121731122,3.977953801729885e-45,496
AntiTaut,bge × voyage,revenge,0.43306342034945,4.3168210830256795e-24,496
AntiTaut,bge × voyage,suffering,0.44437648707271027,2.0206470911303294e-25,496
AntiTaut,bge × voyage,exclusion,0.5689807145004927,6.857772688412305e-44,496
AntiTaut,bge × voyage,pro_minus_dark,0.5337107070045142,7.276224450000631e-38,496
