hypothesis,outcome,predictor,n,beta,ci_lower,ci_upper,t,p_dir,p_two,r2,alternative,measure
H13,Hostile-aggression cluster (z),deserved_soft_rel,948,0.24051365155993318,0.17858105526249313,0.30244624785737323,7.621220732555396,3.048057053539216e-14,6.096114107078431e-14,0.0578468165866929,greater,"1. Soft core R1,R3,R4"
H13,Hatred,deserved_soft_rel,948,0.23288167410304772,0.17083044274466186,0.2949329054614336,7.365275648409389,1.922111928633338e-13,3.844223857266676e-13,0.0542338741330382,greater,"1. Soft core R1,R3,R4"
H13,Revenge,deserved_soft_rel,948,0.23460011855145046,0.17257524620364145,0.2966249908992595,7.422777505594058,1.2768457997408967e-13,2.5536915994817934e-13,0.05503721562435446,greater,"1. Soft core R1,R3,R4"
H13,Degradation,deserved_soft_rel,948,0.15362746342484643,0.09057934921292682,0.21667557763676604,4.781904004504767,1.0064448995325901e-6,2.0128897990651802e-6,0.023601397518352545,greater,"1. Soft core R1,R3,R4"
H13,Infliction of suffering,deserved_soft_rel,948,0.17446985486957126,0.11164291136122628,0.23729679837791623,5.449774877905937,3.217222745382879e-8,6.434445490765759e-8,0.030439730258209157,greater,"1. Soft core R1,R3,R4"
H13,Tolerance of prison violence,deserved_soft_rel,948,0.16276954271510585,0.09981488603487951,0.2257241993953322,5.0739873291606195,2.34430288854279e-7,4.68860577708558e-7,0.026493924035684957,greater,"1. Soft core R1,R3,R4"
H13,Anger,deserved_soft_rel,948,0.15606465661505917,0.09304091596622774,0.2190883972638906,4.859644269914539,6.880174264962779e-7,1.3760348529925558e-6,0.02435617704437653,greater,"1. Soft core R1,R3,R4"
H13,Social exclusion,deserved_soft_rel,948,0.19090761797039174,0.1282755690335592,0.2535396669072243,5.981784103463794,1.5634924802610934e-9,3.1269849605221868e-9,0.036445718599129075,greater,"1. Soft core R1,R3,R4"
H13,Harsh prison conditions,deserved_soft_rel,948,0.1523875029642874,0.08932713911385602,0.21544786681471878,4.742386823908581,1.2185987819631321e-6,2.4371975639262643e-6,0.023221951059690722,greater,"1. Soft core R1,R3,R4"
H13,Perceived crime rates,deserved_soft_rel,948,0.04695740149547711,-0.016777774421778267,0.11069257741273247,1.4458690524729605,0.07427256835894279,0.14854513671788558,0.00220499755520742,greater,"1. Soft core R1,R3,R4"
H13,Fear of crime,deserved_soft_rel,948,0.020591003977012846,-0.043201028437108935,0.08438303639113462,0.6334541392444,0.26329511613560974,0.5265902322712195,4.2398944478136034e-4,greater,"1. Soft core R1,R3,R4"
H14,Sentence 1 (z within vignette),deserved_soft_rel,948,0.09762767460521342,0.034126912918002336,0.16112843629242452,3.017158358679902,0.0013099296709655713,0.0026198593419311427,0.0095311628488215,greater,"1. Soft core R1,R3,R4"
H15,Shark: how painful the death should be,deserved_soft_rel,948,-0.011303428563954658,-0.07510491258560495,0.052498055457695626,-0.3476830416171216,0.6359222116471297,0.7281555767057406,1.2776749730042438e-4,greater,"1. Soft core R1,R3,R4"
H16,Essentialism about criminals,deserved_soft_rel,948,0.2329010997268696,0.17085016519048526,0.2949520342632539,7.365925251415779,1.9132797463129517e-13,3.8265594926259034e-13,0.05424292225398526,greater,"1. Soft core R1,R3,R4"
H17,Crime is a choice,deserved_soft_rel,948,0.1980370247559532,0.1354951629189477,0.2605788865929587,6.214120664719321,3.863150477948009e-10,7.726300955896018e-10,0.039218663174189976,greater,"1. Soft core R1,R3,R4"
H18,Leaning toward the prosecution,deserved_soft_rel,948,0.18866213204999266,0.1260023884325681,0.2513218756674172,5.908812639952182,2.402122657420687e-9,4.804245314841374e-9,0.035593400069648576,greater,"1. Soft core R1,R3,R4"
H19,Rejecting society's responsibility,deserved_soft_rel,948,0.19953011644201485,0.1370075778610309,0.2620526550229988,6.262906781905864,2.86338147308174e-10,5.72676294616348e-10,0.0398122673673642,greater,"1. Soft core R1,R3,R4"
H20,Due-process permissiveness,deserved_soft_rel,948,0.057443272757585845,-0.00625693000049897,0.12114347551567066,1.7697114283920794,0.03854865938738967,0.07709731877477934,0.0032997295851024057,greater,"1. Soft core R1,R3,R4"
H20,Convicting on uncertain evidence,deserved_soft_rel,948,0.023287740374377107,-0.04050051609039506,0.08707599683914927,0.7164579628501732,0.23694272256600868,0.47388544513201736,5.423188517443941e-4,greater,"1. Soft core R1,R3,R4"
H21,"Punitiveness (self-report, 8 items)",deserved_soft_rel,948,0.23766384649387323,0.17568647730862796,0.2996412156791185,7.525477805015589,6.108382388051885e-14,1.221676477610377e-13,0.056484103930263554,greater,"1. Soft core R1,R3,R4"
H21,"Punitiveness (full index, + sentence)",deserved_soft_rel,948,0.1956246641564275,0.1330519011899668,0.25819742712288823,6.135392795505026,6.236607209004183e-10,1.2473214418008365e-9,0.038269009226315126,greater,"1. Soft core R1,R3,R4"
E1,Right-Wing Authoritarianism,deserved_soft_rel,948,0.08594032074186439,0.0223708227318975,0.14950981875183128,2.6530918353409785,0.004054742527329055,0.00810948505465811,0.007385738729214545,greater,"1. Soft core R1,R3,R4"
E1,Social Dominance Orientation,deserved_soft_rel,948,0.17255609315890685,0.10970763587741007,0.23540455044040365,5.3881511790672105,4.494091577412759e-8,8.988183154825518e-8,0.029775605286265522,greater,"1. Soft core R1,R3,R4"
E1,Violence proneness,deserved_soft_rel,948,0.1433120263516985,0.08016509544076993,0.20645895726262709,4.4538386929618845,4.720766520076306e-6,9.441533040152612e-6,0.020538336897030007,greater,"1. Soft core R1,R3,R4"
E1,Racial resentment,deserved_soft_rel,948,0.14721012284976193,0.08409970869863234,0.2103205370008915,4.5776305602236,2.6647608786594406e-6,5.329521757318881e-6,0.02167082026944208,greater,"1. Soft core R1,R3,R4"
E1,Cognitive reflection (0-3),deserved_soft_rel,945,0.007989286715255044,-0.0559159073077468,0.0718944807382569,0.24534528386882418,0.596878762915368,0.806242474169264,6.382870221855009e-5,less,"1. Soft core R1,R3,R4"
E1,"Cognitive reflection (0-2, lily pad dropped)",deserved_soft_rel,945,4.7086505851079424e-4,-0.06343636147036785,0.06437809158738944,0.01445946946439891,0.5057667634686973,0.9884664730626054,2.2171390332638148e-7,less,"1. Soft core R1,R3,R4"
H13,Hostile-aggression cluster (z),deserved_soft_strict_rel,948,0.2200580625927922,0.15781658232916213,0.2822995428564223,6.938434090231981,3.6742222996950206e-12,7.348444599390041e-12,0.04842555091209316,greater,"2. Soft core strict R1,R4"
H13,Hatred,deserved_soft_strict_rel,948,0.2247008565381769,0.16252694520086874,0.28687476787548505,7.092521047030137,1.2888444559799344e-12,2.5776889119598687e-12,0.05049047492899061,greater,"2. Soft core strict R1,R4"
H13,Revenge,deserved_soft_strict_rel,948,0.19717466445600068,0.1346217109658712,0.2597276179461302,6.1859639566225155,4.587765668306334e-10,9.175531336612668e-10,0.03887784830333663,greater,"2. Soft core strict R1,R4"
H13,Degradation,deserved_soft_strict_rel,948,0.14067059289141726,0.07749948605446386,0.20384169972837066,4.370075361673833,6.897126535642707e-6,1.3794253071285414e-5,0.019788215704422813,greater,"2. Soft core strict R1,R4"
H13,Infliction of suffering,deserved_soft_strict_rel,948,0.14530586414103097,0.0821774861250171,0.20843424215704484,4.517130166607208,3.5300615409580473e-6,7.060123081916095e-6,0.021113794153771806,greater,"2. Soft core strict R1,R4"
H13,Tolerance of prison violence,deserved_soft_strict_rel,948,0.16898950953926212,0.10610161040650185,0.2318774086720224,5.273473326387176,8.29660591984891e-8,1.659321183969782e-7,0.028557454334320494,greater,"2. Soft core strict R1,R4"
H13,Anger,deserved_soft_strict_rel,948,0.15536264262189234,0.09233184105775571,0.21839344418602896,4.8372425505662076,7.681418577607903e-7,1.5362837155215806e-6,0.024137550722457927,greater,"2. Soft core strict R1,R4"
H13,Social exclusion,deserved_soft_strict_rel,948,0.16863476766430446,0.10574299191620302,0.23152654341240592,5.262078907656955,8.812114182005805e-8,1.762422836401161e-7,0.02843768486519379,greater,"2. Soft core strict R1,R4"
H13,Harsh prison conditions,deserved_soft_strict_rel,948,0.14208004564622465,0.07892178181977855,0.20523830947267074,4.414758991416929,5.638628116671995e-6,1.127725623334399e-5,0.020186739370833297,greater,"2. Soft core strict R1,R4"
H13,Perceived crime rates,deserved_soft_strict_rel,948,0.05852684348516578,-0.005169343554163985,0.12222303052449554,1.8032077338938195,0.035836846793409954,0.07167369358681991,0.003425391408337098,greater,"2. Soft core strict R1,R4"
H13,Fear of crime,deserved_soft_strict_rel,948,0.00922775301345969,-0.054575090651729226,0.07303059667864861,0.2838311267266608,0.3883009533943531,0.7766019067887062,8.515142567741419e-5,greater,"2. Soft core strict R1,R4"
H14,Sentence 1 (z within vignette),deserved_soft_strict_rel,948,0.11920019925745091,0.055849557330263006,0.18255084118463882,3.6925812176865254,1.1734748084729847e-4,2.3469496169459695e-4,0.01420868750301602,greater,"2. Soft core strict R1,R4"
H15,Shark: how painful the death should be,deserved_soft_strict_rel,948,-0.05281706122252988,-0.1165335620243534,0.010899439579293638,-1.626770959201689,0.9479406135595972,0.10411877288080557,0.002789641956184463,greater,"2. Soft core strict R1,R4"
H16,Essentialism about criminals,deserved_soft_strict_rel,948,0.21401960567273426,0.15169246072895123,0.27634675061651726,6.738766698880195,1.3861912562644055e-11,2.772382512528811e-11,0.04580439161231289,greater,"2. Soft core strict R1,R4"
H17,Crime is a choice,deserved_soft_strict_rel,948,0.1863612093483267,0.12367343969598445,0.24904897900066897,5.834139326513055,3.709888454568329e-9,7.419776909136658e-9,0.0347305003497709,greater,"2. Soft core strict R1,R4"
H18,Leaning toward the prosecution,deserved_soft_strict_rel,948,0.18457602716501118,0.12186675878536675,0.24728529554465561,5.776272255792236,5.178334123073672e-9,1.0356668246147344e-8,0.034068309804018586,greater,"2. Soft core strict R1,R4"
H19,Rejecting society's responsibility,deserved_soft_strict_rel,948,0.22571926573034592,0.16356037444464078,0.2878781570160511,7.126388003029304,1.0210508854488442e-12,2.0421017708976884e-12,0.05094918692184677,greater,"2. Soft core strict R1,R4"
H20,Due-process permissiveness,deserved_soft_strict_rel,948,0.036841779208363734,-0.026920464202082536,0.10060402261881,1.1339165694266797,0.12855840425098494,0.2571168085019699,0.0013573166952378177,greater,"2. Soft core strict R1,R4"
H20,Convicting on uncertain evidence,deserved_soft_strict_rel,948,-0.0271180177605483,-0.0909001128498024,0.0366640773287058,-0.8343787885895998,0.797860894451525,0.40427821109695006,7.353868872614168e-4,greater,"2. Soft core strict R1,R4"
H21,"Punitiveness (self-report, 8 items)",deserved_soft_strict_rel,948,0.21521233192911562,0.1529019094735179,0.27752275438471335,6.778140275633432,1.0697075706443174e-11,2.1394151412886348e-11,0.046316347814367775,greater,"2. Soft core strict R1,R4"
H21,"Punitiveness (full index, + sentence)",deserved_soft_strict_rel,948,0.19511182056924115,0.1325325390978379,0.2576911020406444,6.118671027627587,6.899691259090004e-10,1.3799382518180009e-9,0.03806862252584375,greater,"2. Soft core strict R1,R4"
E1,Right-Wing Authoritarianism,deserved_soft_strict_rel,948,0.05216076563241849,-0.01155793619302789,0.11587946745786487,1.6065014920047147,0.05424874026784279,0.10849748053568559,0.002720745471360092,greater,"2. Soft core strict R1,R4"
E1,Social Dominance Orientation,deserved_soft_strict_rel,948,0.15380351426217895,0.09075714750805786,0.21684988101630004,4.787516564440196,9.793601186997871e-7,1.9587202373995743e-6,0.023655520999396332,greater,"2. Soft core strict R1,R4"
E1,Violence proneness,deserved_soft_strict_rel,948,0.12288708749773826,0.059565131328617724,0.1862090436668588,3.808518094877074,7.440766740997308e-5,1.4881533481994616e-4,0.01510123627367677,greater,"2. Soft core strict R1,R4"
E1,Racial resentment,deserved_soft_strict_rel,948,0.15220982142717143,0.08914771057653313,0.21527193227780972,4.736726047732551,1.2523070266022905e-6,2.504614053204581e-6,0.023167829738891456,greater,"2. Soft core strict R1,R4"
E1,Cognitive reflection (0-3),deserved_soft_strict_rel,945,0.02853204286347243,-0.03534917273419358,0.09241325846113843,0.8765275296935847,0.8095167267942414,0.38096654641151717,8.140774699630273e-4,less,"2. Soft core strict R1,R4"
E1,"Cognitive reflection (0-2, lily pad dropped)",deserved_soft_strict_rel,945,0.02682139998460472,-0.037062842460782834,0.09070564242999227,0.8239361510150502,0.7949079128361675,0.4101841743276651,7.19387497134157e-4,less,"2. Soft core strict R1,R4"
H13,Hostile-aggression cluster (z),retribution_hard_rel,948,0.10507350123520008,0.04162113926808274,0.16852586320231744,3.2497466579306886,5.979089185711776e-4,0.0011958178371423553,0.011040440661823582,greater,"3. Obligation R2,R5"
H13,Hatred,retribution_hard_rel,948,0.08709179195927629,0.023528674231212965,0.1506549096873396,2.6889091588814296,0.003647335286635466,0.007294670573270932,0.007584980226677912,greater,"3. Obligation R2,R5"
H13,Revenge,retribution_hard_rel,948,0.08804168992241532,0.02448389997341259,0.15159947987141803,2.7184645722624885,0.0033392781701431207,0.0066785563402862414,0.0077513391643947525,greater,"3. Obligation R2,R5"
H13,Degradation,retribution_hard_rel,948,0.029937163539358682,-0.03383979799301695,0.09371412507173432,0.9211936167765323,0.17859210363235878,0.35718420726471756,8.962337607823069e-4,greater,"3. Obligation R2,R5"
H13,Infliction of suffering,retribution_hard_rel,948,0.09400729700251997,0.030484299107357143,0.1575302948976828,2.9042545236805517,0.0018834680295168932,0.0037669360590337863,0.008837371889719989,greater,"3. Obligation R2,R5"
H13,Tolerance of prison violence,retribution_hard_rel,948,0.11959703835782795,0.05624944145120697,0.18294463526444893,3.7050525783931514,1.1180047453853345e-4,2.236009490770669e-4,0.014303451583963827,greater,"3. Obligation R2,R5"
H13,Anger,retribution_hard_rel,948,0.05013234260157017,-0.013592987528484195,0.11385767273162453,1.5438674105300678,0.06147744613704156,0.12295489227408311,0.00251325177472122,greater,"3. Obligation R2,R5"
H13,Social exclusion,retribution_hard_rel,948,0.05372290855209805,-0.009990508967877024,0.11743632607207312,1.6547512252876746,0.0491533383895025,0.098306676779005,0.0028861509032970705,greater,"3. Obligation R2,R5"
H13,Harsh prison conditions,retribution_hard_rel,948,0.03736333205290885,-0.02639767580898692,0.10112433991480463,1.1499912108434038,0.12521906039661895,0.2504381207932379,0.0013960185820959218,greater,"3. Obligation R2,R5"
H13,Perceived crime rates,retribution_hard_rel,948,0.03629576934483187,-0.02746774891833422,0.10005928760799795,1.1170891386520279,0.13211992266972605,0.2642398453394521,0.001317382872333235,greater,"3. Obligation R2,R5"
H13,Fear of crime,retribution_hard_rel,948,-0.015290114975260715,-0.07908821635460614,0.04850798640408471,-0.47033477649032085,0.6808878657858887,0.6382242684282227,2.337876159566917e-4,greater,"3. Obligation R2,R5"
H14,Sentence 1 (z within vignette),retribution_hard_rel,948,0.10917316706018908,0.0457489888095023,0.17259734531087584,3.378042855793176,3.799081273541531e-4,7.598162547083062e-4,0.011918780405951963,greater,"3. Obligation R2,R5"
H15,Shark: how painful the death should be,retribution_hard_rel,948,-0.10901896510209137,-0.17244422318799343,-0.04559370701618931,-3.373214098291231,0.9996134474906381,7.73105018723842e-4,0.011885134751930941,greater,"3. Obligation R2,R5"
H16,Essentialism about criminals,retribution_hard_rel,948,0.10329164009883308,0.03982736852473301,0.16675591167293316,3.194037189524119,7.246837872355642e-4,0.0014493675744711285,0.01066916291430684,greater,"3. Obligation R2,R5"
H17,Crime is a choice,retribution_hard_rel,948,0.07823793229875774,0.014627954236118748,0.1418479103613967,2.413771823068643,0.007988705376345636,0.01597741075269127,0.00612117405038502,greater,"3. Obligation R2,R5"
H18,Leaning toward the prosecution,retribution_hard_rel,948,0.09955586523625229,0.036067292615187665,0.16304443785731693,3.0773392977314336,0.0010743545236387346,0.002148709047277469,0.009911370302938712,greater,"3. Obligation R2,R5"
H19,Rejecting society's responsibility,retribution_hard_rel,948,0.14115246209487392,0.07798573137873954,0.2043191928110083,4.385348910722478,6.439451724216137e-6,1.2878903448432274e-5,0.019924017555444828,greater,"3. Obligation R2,R5"
H20,Due-process permissiveness,retribution_hard_rel,948,-8.837666736624919e-4,-0.0646893020464314,0.06292176869910641,-0.027182122061322228,0.5108398960619176,0.9783202078761648,7.810435334763968e-7,greater,"3. Obligation R2,R5"
H20,Convicting on uncertain evidence,retribution_hard_rel,948,-0.11633264014853842,-0.17970498036602084,-0.052960299931056,-3.60251613175136,0.9998342188885239,3.3156222295233317e-4,0.013533283163929356,greater,"3. Obligation R2,R5"
H21,"Punitiveness (self-report, 8 items)",retribution_hard_rel,948,0.10414468838981425,0.040686092727187234,0.16760328405244126,3.220703630099867,6.611879703332845e-4,0.001322375940666569,0.010846116119811506,greater,"3. Obligation R2,R5"
H21,"Punitiveness (full index, + sentence)",retribution_hard_rel,948,0.1244595559535309,0.06115010420524018,0.18776900770182164,3.8580139124592723,6.1029765165673086e-5,1.2205953033134617e-4,0.015490181068150125,greater,"3. Obligation R2,R5"
E1,Right-Wing Authoritarianism,retribution_hard_rel,948,-0.024128322964024562,-0.08791530751833136,0.03965866159028224,-0.7423336717391271,0.7709652651258808,0.45806946974823837,5.821759690562776e-4,greater,"3. Obligation R2,R5"
E1,Social Dominance Orientation,retribution_hard_rel,948,0.0984281125671326,0.034932381629161985,0.16192384350510322,3.042136698091949,0.001206934463831233,0.002413868927662466,0.009688093343528163,greater,"3. Obligation R2,R5"
E1,Violence proneness,retribution_hard_rel,948,0.08970178159684877,0.02615344261580231,0.15325012057789522,2.7701351634548006,0.0028565213636419923,0.0057130427272839845,0.008046409621648749,greater,"3. Obligation R2,R5"
E1,Racial resentment,retribution_hard_rel,948,0.08333609558680816,0.019752483091388634,0.14691970808222768,2.572124851290708,0.005129622975369799,0.010259245950739598,0.0069449048276536245,greater,"3. Obligation R2,R5"
E1,Cognitive reflection (0-3),retribution_hard_rel,945,0.013487768133753474,-0.05041365221685791,0.07738918848436487,0.4142241780269831,0.6605979317021866,0.6788041365956267,1.8191988922989507e-4,less,"3. Obligation R2,R5"
E1,"Cognitive reflection (0-2, lily pad dropped)",retribution_hard_rel,945,0.024444277249104543,-0.0394438605002793,0.08833241499848839,0.7508666863346175,0.7735398926398263,0.4529202147203476,5.975226902310959e-4,less,"3. Obligation R2,R5"
H13,Hostile-aggression cluster (z),retribution_rationale_rel,948,0.13863600081593905,0.075446584997869,0.2018254166340091,4.305620780040709,9.193943590150886e-6,1.8387887180301773e-5,0.0192199407222371,greater,"4. Rationales R6,R7"
H13,Hatred,retribution_rationale_rel,948,0.11646802386111693,0.05309669601864313,0.17983935170359072,3.606766227725295,1.631268265679946e-4,3.262536531359892e-4,0.013564800582113807,greater,"4. Rationales R6,R7"
H13,Revenge,retribution_rationale_rel,948,0.14457572354119588,0.0814405210999126,0.20771092598247917,4.493946438535223,3.928275371818997e-6,7.856550743637994e-6,0.020902139837460393,greater,"4. Rationales R6,R7"
H13,Degradation,retribution_rationale_rel,948,0.10024699497035759,0.03676284994458508,0.1637311399961301,3.0989187002474536,9.998363526592029e-4,0.0019996727053184058,0.010049460000586903,greater,"4. Rationales R6,R7"
H13,Infliction of suffering,retribution_rationale_rel,948,0.12420556194204443,0.06089407947450742,0.18751704440958145,3.8500170787520163,6.302513227759159e-5,1.2605026455518318e-4,0.015427021617339116,greater,"4. Rationales R6,R7"
H13,Tolerance of prison violence,retribution_rationale_rel,948,0.0669115272973374,0.0032489608493721095,0.1305740937453027,2.062627935624443,0.01971025231770363,0.03942050463540726,0.004477152485262364,greater,"4. Rationales R6,R7"
H13,Anger,retribution_rationale_rel,948,0.06256259642749554,-0.0011179714503403576,0.12624316430533145,1.9280217614398443,0.027075733887762504,0.05415146777552501,0.00391407847174972,greater,"4. Rationales R6,R7"
H13,Social exclusion,retribution_rationale_rel,948,0.07039919238246534,0.006751940136479367,0.1340464446284513,2.1706615458032292,0.015102437844084934,0.030204875688169867,0.004956046288103407,greater,"4. Rationales R6,R7"
H13,Harsh prison conditions,retribution_rationale_rel,948,0.06250554054728215,-0.0011752554311617036,0.126186336525726,1.9262565430580045,0.027185853924367117,0.054371707848734234,0.003906942599107937,greater,"4. Rationales R6,R7"
H13,Perceived crime rates,retribution_rationale_rel,948,0.03580591458362715,-0.027958731198066945,0.09957056036532125,1.1019932000636188,0.13537245628102415,0.2707449125620483,0.0012820635191700036,greater,"4. Rationales R6,R7"
H13,Fear of crime,retribution_rationale_rel,948,0.010699476007101815,-0.053102431987033794,0.07450138400123743,0.329103830817543,0.3710750270315676,0.7421500540631352,1.1447878682654699e-4,greater,"4. Rationales R6,R7"
H14,Sentence 1 (z within vignette),retribution_rationale_rel,948,-0.004177125043501736,-0.06798212867967944,0.05962787859267597,-0.12847742783764912,0.5511007661275745,0.897798467744851,1.744837362904894e-5,greater,"4. Rationales R6,R7"
H15,Shark: how painful the death should be,retribution_rationale_rel,948,0.030935415272624906,-0.03283960675159499,0.0947104372968448,0.9519396753213272,0.1706853640481915,0.341370728096383,9.569999180897502e-4,greater,"4. Rationales R6,R7"
H16,Essentialism about criminals,retribution_rationale_rel,948,0.08805269277026805,0.024494964875166933,0.15161042066536917,2.7188069618349076,0.003335851029123866,0.006671702058247732,0.0077532767040952655,greater,"4. Rationales R6,R7"
H17,Crime is a choice,retribution_rationale_rel,948,0.06873237023062893,0.005077701518430441,0.13238703894282744,2.1190204765796152,0.01717438689773287,0.03434877379546574,0.004724138717520272,greater,"4. Rationales R6,R7"
H18,Leaning toward the prosecution,retribution_rationale_rel,948,0.08958320827660743,0.026034188351495277,0.15313222820171957,2.766443785309288,0.002888794831229555,0.00577758966245911,0.008025151205129984,greater,"4. Rationales R6,R7"
H19,Rejecting society's responsibility,retribution_rationale_rel,948,0.02861618197225052,-0.03516324823160216,0.0923956121761032,0.8805117356509049,0.1894028920734862,0.3788057841469724,8.188858706689557e-4,greater,"4. Rationales R6,R7"
H20,Due-process permissiveness,retribution_rationale_rel,948,0.07878261680334418,0.0151753757272821,0.14238985787940628,2.4306808427370843,0.007627720802748106,0.015255441605496212,0.006206700710382573,greater,"4. Rationales R6,R7"
H20,Convicting on uncertain evidence,retribution_rationale_rel,948,0.06549934958871804,0.0018308045952793728,0.12916789458215672,2.018906271799589,0.021889327311241092,0.043778654622482184,0.004290164796545113,greater,"4. Rationales R6,R7"
H21,"Punitiveness (self-report, 8 items)",retribution_rationale_rel,948,0.08364299210168308,0.020061020201712146,0.14722496400165402,2.5816636636832024,0.0049909869672813195,0.009981973934562639,0.006996150127722219,greater,"4. Rationales R6,R7"
H21,"Punitiveness (full index, + sentence)",retribution_rationale_rel,948,0.046364081931442515,-0.017372862351773287,0.11010102621465831,1.427560494571664,0.07687420452538497,0.15374840905076995,0.0021496280933455242,greater,"4. Rationales R6,R7"
E1,Right-Wing Authoritarianism,retribution_rationale_rel,948,0.07228656448708869,0.008647925647552762,0.1359252033266246,2.2291577220887926,0.013018793691074742,0.026037587382149483,0.005225347405346045,greater,"4. Rationales R6,R7"
E1,Social Dominance Orientation,retribution_rationale_rel,948,0.03455062930853757,-0.029216835793578366,0.0983180944106535,1.063312461821541,0.1439558114930709,0.2879116229861418,0.0011937459856159796,greater,"4. Rationales R6,R7"
E1,Violence proneness,retribution_rationale_rel,948,0.09501349526790497,0.03149659232138689,0.15853039821442305,2.9356216079891397,0.001704679030312799,0.003409358060625598,0.009027564283024198,greater,"4. Rationales R6,R7"
E1,Racial resentment,retribution_rationale_rel,948,0.05327584869866343,-0.010439097074650128,0.116990794471977,1.6409417088974412,0.05057096131296355,0.1011419226259271,0.002838316054562883,greater,"4. Rationales R6,R7"
E1,Cognitive reflection (0-3),retribution_rationale_rel,945,-0.049248622488112875,-0.11307830789202757,0.014581062915801815,-1.5141791035097463,0.06515775175304755,0.1303155035060951,0.002425426816976641,less,"4. Rationales R6,R7"
E1,"Cognitive reflection (0-2, lily pad dropped)",retribution_rationale_rel,945,-0.03892279371724046,-0.10278159976790995,0.024936012333429028,-1.1961594480432955,0.11596750565419761,0.23193501130839522,0.0015149838707548542,less,"4. Rationales R6,R7"
H13,Hostile-aggression cluster (z),deserved_rel,948,0.21812321101800683,0.15585400956172984,0.2803924124742838,6.874366475973512,5.646618468648182e-12,1.1293236937296364e-11,0.04757773518480586,greater,5. REGISTERED deserved R1-R4
H13,Hatred,deserved_rel,948,0.20560726885631675,0.14316494083983963,0.26804959687279384,6.46194820654302,8.261106031139838e-11,1.6522212062279675e-10,0.042274349006553566,greater,5. REGISTERED deserved R1-R4
H13,Revenge,deserved_rel,948,0.2114001488710275,0.1490366197989634,0.27376367794309164,6.652405290730844,2.4361816220448217e-11,4.8723632440896434e-11,0.04469002294269256,greater,5. REGISTERED deserved R1-R4
H13,Degradation,deserved_rel,948,0.12751985311182346,0.06423520025249492,0.190804505971152,3.9544263967128863,4.1220642756764156e-5,8.244128551352831e-5,0.016261312937660907,greater,5. REGISTERED deserved R1-R4
H13,Infliction of suffering,deserved_rel,948,0.16439130881530226,0.10145381018520978,0.22732880744539474,5.1259394236721425,1.7947640327606804e-7,3.589528065521361e-7,0.027024502414007945,greater,5. REGISTERED deserved R1-R4
H13,Tolerance of prison violence,deserved_rel,948,0.1602133147564813,0.09723196822212177,0.2231946612908408,4.992186013564135,3.552705653241505e-7,7.10541130648301e-7,0.025668306225259254,greater,5. REGISTERED deserved R1-R4
H13,Anger,deserved_rel,948,0.13531044532644274,0.07209168872057674,0.19852920193230872,4.200388573662088,1.4582109879556719e-5,2.9164219759113438e-5,0.01830891661444024,greater,5. REGISTERED deserved R1-R4
H13,Social exclusion,deserved_rel,948,0.16411425567216725,0.10117381347975211,0.22705469786458238,5.117061215606709,1.8789088725041088e-7,3.7578177450082175e-7,0.026933488914829357,greater,5. REGISTERED deserved R1-R4
H13,Harsh prison conditions,deserved_rel,948,0.12692208954417727,0.06363254464467523,0.19021163444367933,3.9355853516531214,4.4535518720350974e-5,8.907103744070195e-5,0.01610921681426011,greater,5. REGISTERED deserved R1-R4
H13,Perceived crime rates,deserved_rel,948,0.050872608585143635,-0.01285033310918459,0.11459555027947185,1.566723241538128,0.05875690889997072,0.11751381779994144,0.0025880223042572055,greater,5. REGISTERED deserved R1-R4
H13,Fear of crime,deserved_rel,948,0.010194443701373818,-0.05360780095261279,0.07399668835536043,0.3135679513413976,0.37695916466639806,0.7539183293327961,1.0392668238048052e-4,greater,5. REGISTERED deserved R1-R4
H14,Sentence 1 (z within vignette),deserved_rel,948,0.10906590711749484,0.045640977590475085,0.1724908366445146,3.3746840380096286,3.8451851594734803e-4,7.690370318946961e-4,0.01189537209536202,greater,5. REGISTERED deserved R1-R4
H15,Shark: how painful the death should be,deserved_rel,948,-0.045822551776661,-0.1095610904000496,0.0179159868467276,-1.41085136792257,0.9206913999395363,0.1586172001209274,0.00209970625132475,greater,5. REGISTERED deserved R1-R4
H16,Essentialism about criminals,deserved_rel,948,0.21595948246088215,0.15365958499101062,0.27825937993075367,6.802820957356011,9.086983071083034e-12,1.8173966142166067e-11,0.04663849806477189,greater,5. REGISTERED deserved R1-R4
H17,Crime is a choice,deserved_rel,948,0.180796741881664,0.1180426664833361,0.2435508172799919,5.653960362489342,1.0378351867210936e-8,2.0756703734421872e-8,0.032687461875024845,greater,5. REGISTERED deserved R1-R4
H18,Leaning toward the prosecution,deserved_rel,948,0.173948142044799,0.1111153093830952,0.23678097470650278,5.432969287560263,3.5254341669544656e-8,7.050868333908931e-8,0.03025795612083705,greater,5. REGISTERED deserved R1-R4
H19,Rejecting society's responsibility,deserved_rel,948,0.18960265687633465,0.12695447184421454,0.25225084190845476,5.939365062349744,2.0079568905850042e-9,4.0159137811700084e-9,0.035949167494564956,greater,5. REGISTERED deserved R1-R4
H20,Due-process permissiveness,deserved_rel,948,0.04783045632078431,-0.015902076511657703,0.11156298915322632,1.4728124296800722,0.07056712224992857,0.14113424449985715,0.0022877525518544364,greater,5. REGISTERED deserved R1-R4
H20,Convicting on uncertain evidence,deserved_rel,948,-0.013358860147853984,-0.07715872684120763,0.05044100654549966,-0.4109166386500356,0.6593866384611584,0.6812267230776833,1.7845914444992203e-4,greater,5. REGISTERED deserved R1-R4
H21,"Punitiveness (self-report, 8 items)",deserved_rel,948,0.215290599606997,0.15298127790156624,0.2775999213124278,6.780725111775162,1.0516127228844685e-11,2.103225445768937e-11,0.046350042279140136,greater,5. REGISTERED deserved R1-R4
H21,"Punitiveness (full index, + sentence)",deserved_rel,948,0.18924466830218212,0.12659207674056616,0.2518972598637981,5.9277340103122045,2.1499545986704096e-9,4.299909197340819e-9,0.0358135444808028,greater,5. REGISTERED deserved R1-R4
E1,Right-Wing Authoritarianism,deserved_rel,948,0.05509006225545541,-0.008618602236580945,0.11879872674749176,1.6969883343026084,0.04501390455317947,0.09002780910635894,0.0030349149593099484,greater,5. REGISTERED deserved R1-R4
E1,Social Dominance Orientation,deserved_rel,948,0.15579408808327427,0.09276762216966652,0.21882055399688202,4.85100936166954,7.178993173419858e-7,1.4357986346839717e-6,0.02427179788169894,greater,5. REGISTERED deserved R1-R4
E1,Violence proneness,deserved_rel,948,0.13237410508855546,0.06913004479114601,0.1956181653859649,4.107592837400468,2.1720414369985995e-5,4.344082873997199e-5,0.01752290369799578,greater,5. REGISTERED deserved R1-R4
E1,Racial resentment,deserved_rel,948,0.13457723930100307,0.0713521113912953,0.19780236721071084,4.177206962666393,1.612003593189657e-5,3.224007186379314e-5,0.018111033337879365,greater,5. REGISTERED deserved R1-R4
E1,Cognitive reflection (0-3),deserved_rel,945,0.008748874334006177,-0.05515591341326198,0.07265366208127433,0.26867338473261154,0.6058800995148772,0.7882398009702455,7.654280211223115e-5,less,5. REGISTERED deserved R1-R4
E1,"Cognitive reflection (0-2, lily pad dropped)",deserved_rel,945,0.005268034474396604,-0.05863831235013491,0.06917438129892813,0.16177465455152656,0.5642410164367366,0.8715179671265267,2.7752187223431255e-5,less,5. REGISTERED deserved R1-R4
H13,Hostile-aggression cluster (z),retribution_rel,948,0.2195076393798334,0.15725824686474546,0.28175703189492135,6.920199529388258,4.15368546761452e-12,8.30737093522904e-12,0.048183603746106765,greater,"6. REGISTERED retribution, 7 items"
H13,Hatred,retribution_rel,948,0.19982969858149568,0.13731105533058713,0.26234834183240424,6.272700956329513,2.695634210102922e-10,5.391268420205844e-10,0.039931908435171436,greater,"6. REGISTERED retribution, 7 items"
H13,Revenge,retribution_rel,948,0.21271193869745617,0.150366571661182,0.27505730573373033,6.6956350584714235,1.8385290221280545e-11,3.677058044256109e-11,0.045246368864430495,greater,"6. REGISTERED retribution, 7 items"
H13,Degradation,retribution_rel,948,0.13148661991854488,0.06823502298942052,0.19473821684766923,4.079567857689561,2.4460567353207095e-5,4.892113470641419e-5,0.01728873121760383,greater,"6. REGISTERED retribution, 7 items"
H13,Infliction of suffering,retribution_rel,948,0.17552342823295491,0.11270843304655545,0.23833842341935438,5.48372738977511,2.6722769234545722e-8,5.3445538469091445e-8,0.0308084738586492,greater,"6. REGISTERED retribution, 7 items"
H13,Tolerance of prison violence,retribution_rel,948,0.155096590475045,0.09206312146030306,0.21813005948978698,4.828754619392559,8.00788339148302e-7,1.601576678296604e-6,0.02405495237698393,greater,"6. REGISTERED retribution, 7 items"
H13,Anger,retribution_rel,948,0.12448983402576917,0.06118062463618375,0.18779904341535458,3.858967248923903,6.079590883882033e-5,1.2159181767764067e-4,0.015497718775763645,greater,"6. REGISTERED retribution, 7 items"
H13,Social exclusion,retribution_rel,948,0.14696693796643626,0.08385421641222639,0.2100796595206461,4.5699014267166795,2.762736704336033e-6,5.525473408672066e-6,0.021599280855230243,greater,"6. REGISTERED retribution, 7 items"
H13,Harsh prison conditions,retribution_rel,948,0.11791427765704564,0.05455383913786131,0.18127471617622998,3.652181189802912,1.371449783784004e-4,2.742899567568008e-4,0.01390377687538287,greater,"6. REGISTERED retribution, 7 items"
H13,Perceived crime rates,retribution_rel,948,0.05223939767990727,-0.011479041891736354,0.1159578372515509,1.6089299056008246,0.05398265567838346,0.10796531135676692,0.0027289546699594863,greater,"6. REGISTERED retribution, 7 items"
H13,Fear of crime,retribution_rel,948,0.009443042389088448,-0.05435967303333437,0.07324575781151127,0.2904536721285373,0.38576642354239454,0.7715328470847891,8.917104956212177e-5,greater,"6. REGISTERED retribution, 7 items"
H14,Sentence 1 (z within vignette),retribution_rel,948,0.08832348458480262,0.024767286365440386,0.15187968280416486,2.72723385059864,0.0032524943192418555,0.006504988638483711,0.007801037929201898,greater,"6. REGISTERED retribution, 7 items"
H15,Shark: how painful the death should be,retribution_rel,948,-0.032782806751257734,-0.09655407151055022,0.03098845800803475,-1.0088467474504312,0.843346947606083,0.313306104787834,0.001074712418490298,greater,"6. REGISTERED retribution, 7 items"
H16,Essentialism about criminals,retribution_rel,948,0.19397362086801156,0.13137993583293892,0.2565673059030842,6.081577526437112,8.625724554378087e-10,1.7251449108756175e-9,0.0376257655926471,greater,"6. REGISTERED retribution, 7 items"
H17,Crime is a choice,retribution_rel,948,0.15889071143123218,0.09589572566265535,0.221885697199809,4.949902246138327,4.394103953383166e-7,8.788207906766332e-7,0.025246258179123102,greater,"6. REGISTERED retribution, 7 items"
H18,Leaning toward the prosecution,retribution_rel,948,0.17049470112597537,0.10762334400993123,0.2333660582420195,5.321844072992981,6.415183571468702e-8,1.2830367142937403e-7,0.029068443112035346,greater,"6. REGISTERED retribution, 7 items"
H19,Rejecting society's responsibility,retribution_rel,948,0.16599374880225787,0.10307337549786819,0.22891412210664755,5.177314381413547,1.3748840151666105e-7,2.749768030333221e-7,0.02755392464142707,greater,"6. REGISTERED retribution, 7 items"
H20,Due-process permissiveness,retribution_rel,948,0.06187608392218777,-0.001807214659909781,0.12555938250428533,1.9067834085596562,0.028425677644772187,0.056851355289544374,0.0038286497615456013,greater,"6. REGISTERED retribution, 7 items"
H20,Convicting on uncertain evidence,retribution_rel,948,-0.003335861193695787,-0.06714106646976466,0.06046934408237308,-0.10260203055941926,0.5408497121620464,0.9183005756759074,1.1127969903605412e-5,greater,"6. REGISTERED retribution, 7 items"
H21,"Punitiveness (self-report, 8 items)",retribution_rel,948,0.1949062245407652,0.13232433483352846,0.25748811424800194,6.111968833597259,7.184359995975006e-10,1.436871999195001e-9,0.037988436364735215,greater,"6. REGISTERED retribution, 7 items"
H21,"Punitiveness (full index, + sentence)",retribution_rel,948,0.16524938222472338,0.1023210326110331,0.22817773183841367,5.1534444318419554,1.5565697156819002e-7,3.1131394313638004e-7,0.027307358325652786,greater,"6. REGISTERED retribution, 7 items"
E1,Right-Wing Authoritarianism,retribution_rel,948,0.06535299970355177,0.0016838424528373974,0.12902215695426614,2.014375914116278,0.022126348320334183,0.04425269664066837,0.004271014570252454,greater,"6. REGISTERED retribution, 7 items"
E1,Social Dominance Orientation,retribution_rel,948,0.1389872891228634,0.0758010150655045,0.20217356318022228,4.3167453747461515,8.751289099232273e-6,1.7502578198464547e-5,0.019317466537722525,greater,"6. REGISTERED retribution, 7 items"
E1,Violence proneness,retribution_rel,948,0.14582769585794647,0.08270421678081304,0.20895117493507992,4.533704201636313,3.2694025875128862e-6,6.5388051750257725e-6,0.021265716879237638,greater,"6. REGISTERED retribution, 7 items"
E1,Racial resentment,retribution_rel,948,0.12820669862794107,0.06492769569685947,0.19148570155902267,3.9760806453242896,3.7699478930792444e-5,7.539895786158489e-5,0.01643695757307573,greater,"6. REGISTERED retribution, 7 items"
E1,Cognitive reflection (0-3),retribution_rel,945,-0.011334163644970764,-0.0752372922606111,0.05256896497066957,-0.34807531303658906,0.3639306542519567,0.7278613085039134,1.284632655309768e-4,less,"6. REGISTERED retribution, 7 items"
E1,"Cognitive reflection (0-2, lily pad dropped)",retribution_rel,945,-0.0069287939845085866,-0.07083449354435518,0.05697690557533801,-0.21277662698401673,0.41577359094946187,0.8315471818989237,4.800818607976258e-5,less,"6. REGISTERED retribution, 7 items"
