hypothesis,outcome,n_slices,n_fitted,n_predicted_sign,n_p05,beta_min,beta_max,beta_range,verdict
H13,Hostile-aggression cluster (z),6,6,6,6,0.4673180642690915,0.57950333731552,0.11218527304642845,same in every fitted slice
H13,Hatred,6,6,6,6,0.4654504959099206,0.5843272067076882,0.11887671079776763,same in every fitted slice
H13,Revenge,6,6,6,6,0.45530728165028667,0.5561147852000392,0.10080750354975254,same in every fitted slice
H13,Degradation,6,6,6,6,0.3131618866747391,0.37340795673487526,0.06024607006013616,same in every fitted slice
H13,Infliction of suffering,6,6,6,6,0.416744542755134,0.504816267351429,0.08807172459629503,same in every fitted slice
H13,Tolerance of prison violence,6,6,6,6,0.21140738362630837,0.2989218442238569,0.08751446059754855,same in every fitted slice
H13,Anger,6,6,6,6,0.4020954665838955,0.5088105324287459,0.10671506584485035,same in every fitted slice
H13,Social exclusion,6,6,6,6,0.43758066203692386,0.5595541852807933,0.1219735232438694,same in every fitted slice
H13,Harsh prison conditions,6,6,6,6,0.3720525549415116,0.46853535648481187,0.09648280154330025,same in every fitted slice
H13,Perceived crime rates,6,6,6,6,0.36473025944229004,0.44430524773184055,0.07957498828955051,same in every fitted slice
H13,Fear of crime,6,6,6,6,0.13198207386852795,0.15726088880404263,0.025278814935514676,same in every fitted slice
H14,Sentence 1 (z within vignette),6,6,6,6,0.2626650827742831,0.3989289957976302,0.13626391302334712,same in every fitted slice
H15,Shark: how painful the death should be,6,6,6,6,0.10168518640116923,0.1702492783561688,0.06856409195499956,same in every fitted slice
H16,Essentialism about criminals,6,6,6,6,0.4524543495596129,0.5954182491699449,0.142963899610332,same in every fitted slice
H17,Crime is a choice,6,6,6,6,0.4562482942956639,0.5931908924455147,0.13694259814985082,same in every fitted slice
H18,Leaning toward the prosecution,6,6,6,6,0.3236244249424648,0.41712069525942214,0.09349627031695734,same in every fitted slice
H19,Rejecting society's responsibility,6,6,6,6,0.27490144994577476,0.4366611330832666,0.16175968313749184,same in every fitted slice
H20,Due-process permissiveness,6,6,6,6,0.33848759784115967,0.3823784414728415,0.04389084363168183,same in every fitted slice
H20,Convicting on uncertain evidence,6,6,6,6,0.30166762267418495,0.3870342659892478,0.08536664331506283,same in every fitted slice
H21,"Punitiveness (self-report, 8 items)",6,6,6,6,0.5099803320535136,0.6659030947123118,0.15592276265879823,same in every fitted slice
H21,"Punitiveness (full index, + sentence)",6,6,6,6,0.4507972623113943,0.6098441110969031,0.1590468487855088,same in every fitted slice
E1,Right-Wing Authoritarianism,6,6,6,6,0.4810014274830266,0.5632559231696632,0.08225449568663662,same in every fitted slice
E1,Social Dominance Orientation,6,6,6,6,0.20041103752742304,0.3064944943330716,0.10608345680564854,same in every fitted slice
E1,Violence proneness,6,6,6,6,0.329837319859576,0.4061838348565031,0.07634651499692713,same in every fitted slice
E1,Racial resentment,6,6,6,6,0.3007876079855551,0.39703401542504807,0.09624640743949298,same in every fitted slice
E1,Cognitive reflection (0-3),6,6,6,1,-0.07155561441987586,-0.02311214180972552,0.04844347261015034,differs across slices
E1,"Cognitive reflection (0-2, lily pad dropped)",6,6,6,1,-0.06396358837792565,-0.023592813198532212,0.04037077517939344,differs across slices
