y,n,r,ci_lower,ci_upper,p_one_sided,p_two,p_BH_one_sided,p_BH_two_sided,sig
Harsh prison conditions,371,0.6113290519244144,0.5433315793072612,0.6713577683182484,1.077142057542701e-39,2.154284115085402e-39,1.2925704690512412e-38,2.5851409381024825e-38,***
Revenge,371,0.5981682872605,0.5285420313223956,0.6598004841186835,1.1290475140749309e-37,2.2580950281498618e-37,6.774285084449585e-37,1.354857016889917e-36,***
Hatred,371,0.5611848317861405,0.4872065290998028,0.6271661653804378,1.8145539927132028e-32,3.6291079854264056e-32,7.258215970852811e-32,1.4516431941705623e-31,***
Social exclusion,371,0.5562913016776572,0.4817618705943033,0.6228306745777704,7.935344873302519e-32,1.5870689746605038e-31,2.3806034619907556e-31,4.761206923981511e-31,***
Infliction of suffering,371,0.5277957401574018,0.45017093118816204,0.5975031887626155,2.683302038831498e-28,5.366604077662996e-28,6.439924893195595e-28,1.287984978639119e-27,***
Degradation,371,0.4969670812763801,0.4162108976717915,0.5699444578959763,7.735228100869777e-25,1.5470456201739554e-24,1.5470456201739554e-24,3.0940912403479108e-24,***
Anger,371,0.47578254891174343,0.3930044538733012,0.5509112669534205,1.1756433287097778e-22,2.3512866574195556e-22,2.015388563502476e-22,4.030777127004952e-22,***
Tolerance of prison violence,371,0.4669481516627146,0.38335793198034773,0.5429508660339307,8.634165760667421e-22,1.7268331521334843e-21,1.2951248641001132e-21,2.5902497282002264e-21,***
Due-process permissiveness,371,0.43619702687030143,0.34992155520929,0.5151350525965338,5.775083640779795e-19,1.155016728155959e-18,7.700111521039726e-19,1.5400223042079453e-18,***
Perceived crime rates,371,0.36284498778487867,0.2710420713766975,0.4481065268158529,2.7451691729953285e-13,5.490338345990657e-13,3.294203007594394e-13,6.588406015188788e-13,***
Convicting on uncertain evidence,371,0.28256531668616286,0.18610330133518338,0.3736321798689504,1.5343224448580634e-8,3.068644889716127e-8,1.6738063034815236e-8,3.347612606963047e-8,***
Fear of crime,371,0.14222398949554818,0.04100156679744073,0.24055671404729062,0.0030334263337084754,0.006066852667416951,0.0030334263337084754,0.006066852667416951,**
