y,r_whole,p_BH_one_sided_whole,r_retributivist,p_BH_one_sided_retributivist,difference
Harsh prison conditions,0.7091137829627124,6.061528385637103e-145,0.6113290519244144,1.2925704690512412e-38,-0.09778473103829799
Revenge,0.6926240244483632,6.714243524500208e-136,0.5981682872605,6.774285084449585e-37,-0.09445573718786326
Hatred,0.6787723960676474,1.062340112082419e-128,0.5611848317861405,7.258215970852811e-32,-0.11758756428150685
Social exclusion,0.6251243760701382,7.841399030503666e-104,0.5562913016776572,2.3806034619907556e-31,-0.06883307439248099
Infliction of suffering,0.6417608396177977,5.58961251000711e-111,0.5277957401574018,6.439924893195595e-28,-0.1139650994603959
Degradation,0.5524929908154768,6.150613551800137e-77,0.4969670812763801,1.5470456201739554e-24,-0.05552590953909664
Anger,0.5444007820369978,2.2139723446152023e-74,0.47578254891174343,2.015388563502476e-22,-0.06861823312525439
Tolerance of prison violence,0.5016857807882958,9.483220635377059e-62,0.4669481516627146,1.2951248641001132e-21,-0.03473762912558126
Due-process permissiveness,0.5654162947933391,3.382185398052672e-81,0.43619702687030143,7.700111521039726e-19,-0.12921926792303767
Perceived crime rates,0.48863197397944796,2.890627794621947e-58,0.36284498778487867,3.294203007594394e-13,-0.1257869861945693
Convicting on uncertain evidence,0.473584762237021,2.011225488634809e-54,0.28256531668616286,1.6738063034815236e-8,-0.19101944555085815
Fear of crime,0.2418258613419944,2.2064424616358547e-14,0.14222398949554818,0.0030334263337084754,-0.09960187184644623
