goal,index,value
Deterrence,chisq,67.37605606088701
Deterrence,df,5
Deterrence,pvalue,3.5993430458347575e-13
Deterrence,cfi,0.9507170823889304
Deterrence,tli,0.9014341647778608
Deterrence,rmsea,0.1147148878658626
Deterrence,rmsea.ci.lower,0.09128917028612518
Deterrence,rmsea.ci.upper,0.1398435059666077
Deterrence,srmr,0.046763717389207565
Incapacitation,chisq,52.63591003173998
Incapacitation,df,2
Incapacitation,pvalue,3.717581797957337e-12
Incapacitation,cfi,0.9587231173620282
Incapacitation,tli,0.8761693520860845
Incapacitation,rmsea,0.16342185778909255
Incapacitation,rmsea.ci.lower,0.12702818940433735
Incapacitation,rmsea.ci.upper,0.202957730745039
Incapacitation,srmr,0.04871201542395559
