moderator,variable,n,r,ci_lower,ci_upper,p_two
Political orientation (conservative),Punitiveness (8-item scale),948,0.5173695573545782,0.46915283745595565,0.5625109097810969,5.067685840966042e-66
Political orientation (conservative),Relative retribution,948,0.09732371293186559,0.03386216673905772,0.16000359409985224,0.0027021980996572836
Political orientation (conservative),Sentencing ratio,947,0.16305733768901426,0.10039519452535091,0.22443104990431595,4.5353051292080085e-7
Political orientation (conservative),Hostile aggression cluster,948,0.45149572510582603,0.39930325706098424,0.500771256413493,8.481209194182486e-49
Political orientation (conservative),First sentence (z within vignette),948,0.21111802150242895,0.14945564957414664,0.27114462875546147,5.175184444505441e-11
Political orientation (conservative),Revenge,948,0.41526394355718477,0.36114129312979537,0.4665982663919463,8.156708670689538e-41
Prosecution leaning,Punitiveness (8-item scale),948,0.5129613524124615,0.46445966896109125,0.5583950174170913,9.518906960556537e-65
Prosecution leaning,Relative retribution,948,0.17049470112597553,0.10799568154591174,0.2316513600313437,1.28303671429352e-7
Prosecution leaning,Sentencing ratio,947,0.18549468472847544,0.12324607100807328,0.24628930396707263,8.88564008602669e-9
Prosecution leaning,Hostile aggression cluster,948,0.41256883385118515,0.35830983192190913,0.46405016131427496,2.9334706687040357e-40
Prosecution leaning,First sentence (z within vignette),948,0.31936474839079115,0.2610006576801151,0.37540254596256506,6.408619049498559e-24
Prosecution leaning,Revenge,948,0.35465274181763945,0.2977038805035725,0.40908644777625963,1.7696775997177125e-29
