hypothesis,outcome,p05_rank,d_rank,p05_med,d_med,p05_tert,d_tert,p05_ratio,d_ratio,n_groupings_run,holds_p05_every_grouping_run
H13,Hostile-aggression cluster (z),TRUE,0.6410948651920462,TRUE,0.3086674114462982,TRUE,0.421722270120894,TRUE,0.496706250959675,4,TRUE
H13,Hatred,TRUE,0.56567383725984,TRUE,0.2571798059387706,TRUE,0.3672387418871877,TRUE,0.3998384433199104,4,TRUE
H13,Revenge,TRUE,0.555229127434384,TRUE,0.26438063723758504,TRUE,0.4226772216414248,TRUE,0.4313236631710576,4,TRUE
H13,Degradation,TRUE,0.4335224355449725,TRUE,0.24761739797207108,TRUE,0.2818032253021627,TRUE,0.3358880804915176,4,TRUE
H13,Infliction of suffering,TRUE,0.5155891327692761,TRUE,0.23084498920133648,TRUE,0.3507923993147525,TRUE,0.3778340340929415,4,TRUE
H13,Tolerance of prison violence,TRUE,0.4312529102805807,TRUE,0.22482201446947478,TRUE,0.2547064774912448,TRUE,0.412106546158793,4,TRUE
H13,Anger,TRUE,0.38628038437479995,TRUE,0.13258412091575086,TRUE,0.25372406484701215,TRUE,0.27427648462023185,4,TRUE
H13,Social exclusion,TRUE,0.5288534341599113,TRUE,0.19773820287406646,TRUE,0.3321434999609859,TRUE,0.30280115301639415,4,TRUE
H13,Harsh prison conditions,TRUE,0.5930243620838774,TRUE,0.18788063331962895,TRUE,0.2538921097245657,TRUE,0.43527247569467253,4,TRUE
H13,Perceived crime rates,TRUE,0.4314598787843907,FALSE,0.04208362157599751,TRUE,0.13714660153538122,TRUE,0.2706127523030848,4,FALSE
H13,Fear of crime,TRUE,0.12373835780632154,FALSE,0.008093002290034752,FALSE,0.07958828893365712,FALSE,0.027430085877184502,4,FALSE
H14,Sentence 1 (z within vignette),TRUE,0.5097644488637874,FALSE,0.04436601717175698,TRUE,0.1570055768798612,NA,NA,3,FALSE
H15,Shark: how painful the death should be,TRUE,0.19667697911649204,FALSE,-0.04455190529705465,FALSE,-0.10974074579458874,FALSE,-0.05631116608277506,4,FALSE
H16,Essentialism about criminals,TRUE,0.6879035551581996,TRUE,0.22421311728258062,TRUE,0.39401609673635773,TRUE,0.476712041123316,4,TRUE
H17,Crime is a choice,TRUE,0.5737260492167708,TRUE,0.14900733001558322,TRUE,0.31783474243473575,TRUE,0.45628764064495414,4,TRUE
H18,Leaning toward the prosecution,TRUE,0.4704894871691494,TRUE,0.20386250681196957,TRUE,0.3377534897456792,TRUE,0.4455542649407617,4,TRUE
H19,Rejecting society's responsibility,TRUE,0.6065969130308904,TRUE,0.22686780542559218,TRUE,0.31605954119303226,TRUE,0.43978302406073,4,TRUE
H20,Due-process permissiveness,TRUE,0.42860935638697484,TRUE,0.11416211058814567,TRUE,0.13661610539710545,TRUE,0.2768866883310702,4,TRUE
H20,Convicting on uncertain evidence,TRUE,0.3213880158044174,FALSE,-0.0032692413818024148,FALSE,0.01532875061654959,TRUE,0.15173063792449168,4,FALSE
H21,Punitiveness (five attitude components),TRUE,0.7744777463323239,TRUE,0.2598006786689045,TRUE,0.3703281178674677,TRUE,0.6107710010332994,4,TRUE
H21,Punitiveness (six components),TRUE,0.7975175693873061,TRUE,0.23582432255211214,TRUE,0.35649007869832056,NA,NA,3,TRUE
E1,Right-Wing Authoritarianism,TRUE,0.48738833256578395,FALSE,0.08012984269678856,TRUE,0.1405853406452254,TRUE,0.18254769183148065,4,FALSE
E1,Social Dominance Orientation,TRUE,0.3855718942496985,TRUE,0.14342611962145918,TRUE,0.2398412976731186,TRUE,0.2911750683842031,4,TRUE
E1,Violence proneness,TRUE,0.38690736970909584,TRUE,0.1566524242301605,TRUE,0.2614538278291148,TRUE,0.31303319568489774,4,TRUE
E1,Racial resentment,TRUE,0.41796837668480563,TRUE,0.19122456590143688,TRUE,0.28576349809787033,TRUE,0.42870611378056195,4,TRUE
E1,Cognitive reflection (0-3),FALSE,0.024781323606583774,FALSE,0.03210755497936038,FALSE,0.04524663393097953,FALSE,-0.07010509076462237,4,FALSE
E1,"Cognitive reflection (0-2, lily pad dropped)",FALSE,0.053415747036844,FALSE,0.01997494541038511,FALSE,0.03784465729884875,FALSE,-0.1023451908018308,4,FALSE
H21,Punitiveness as the paper counts it (six components; five attitude components under the ratio),TRUE,0.7975175693873061,TRUE,0.23582432255211214,TRUE,0.35649007869832056,TRUE,0.6107710010332994,4,TRUE
