grouping,x,y,n,r,ci_lower,ci_upper,p_two,p_dir,alternative
Ranking (retribution first),Punitiveness (full index),Restricting due-process rights,371,0.4204018724053947,0.33283216717151226,0.500782674216447,2.5466860437697112e-17,1.2733430218848556e-17,greater
Ranking (retribution first),Punitiveness (full index),Convicting on substandard evidence,371,0.2118941270688745,0.11250518748628024,0.30708515083293336,3.8817061522499644e-5,1.9408530761249822e-5,greater
Ranking (retribution first),Punitiveness (full index),Hatred toward offenders,371,0.46397782198227194,0.38011863866899237,0.5402713224610625,3.3327415678025554e-21,1.6663707839012777e-21,greater
Ranking (retribution first),Punitiveness (full index),Degradation of prisoners,371,0.4038392359393221,0.3149739797105336,0.4856852939679502,5.504424828418049e-16,2.7522124142090246e-16,greater
Ranking (retribution first),Punitiveness (full index),Infliction of suffering,371,0.4577022414608578,0.3732815613266558,0.5346050098241651,1.3092187091547819e-20,6.546093545773909e-21,greater
Ranking (retribution first),Punitiveness (full index),Tolerance of prison violence,371,0.3885095481887207,0.298501065862337,0.47166813887654246,8.157180652959597e-15,4.078590326479799e-15,greater
Ranking (retribution first),Punitiveness (full index),Harsh prison conditions,371,0.4972425168987049,0.41651331606026565,0.5701914077051414,1.4458510029896176e-24,7.229255014948088e-25,greater
Ranking (retribution first),Punitiveness (full index),A painful death for the shark,371,0.012149679126588183,-0.08977753276928149,0.11382502781359057,0.8155764006487934,0.4077882003243967,greater
Ranking (retribution first),Punitiveness (full index),Putting the shark to death (yes),371,0.15368405843107116,0.05269240988541974,0.25156386199780784,0.0029991474952930815,0.0014995737476465407,greater
"Median split, upper half",Punitiveness (full index),Restricting due-process rights,470,0.5383054806727346,0.4707787285521276,0.5995619213736719,1.1489203895511104e-36,5.744601947755552e-37,greater
"Median split, upper half",Punitiveness (full index),Convicting on substandard evidence,470,0.34095721539627366,0.25848004631094945,0.4184995352811538,2.937646411590185e-14,1.4688232057950926e-14,greater
"Median split, upper half",Punitiveness (full index),Hatred toward offenders,470,0.6173899543186833,0.5581073141102392,0.6704018473081187,1.0050271864815389e-50,5.0251359324076944e-51,greater
"Median split, upper half",Punitiveness (full index),Degradation of prisoners,470,0.5134770916926863,0.4436323520753845,0.5771221376647137,5.6239400151277736e-33,2.8119700075638868e-33,greater
"Median split, upper half",Punitiveness (full index),Infliction of suffering,470,0.5792009753794698,0.5157727414019032,0.6363142987932825,1.86115373547604e-43,9.3057686773802e-44,greater
"Median split, upper half",Punitiveness (full index),Tolerance of prison violence,470,0.5081474620525955,0.4378218071493926,0.572292681015309,3.1856755529154765e-32,1.5928377764577383e-32,greater
"Median split, upper half",Punitiveness (full index),Harsh prison conditions,470,0.6169542188810495,0.5576225306175947,0.670014167025181,1.2324480706397923e-50,6.162240353198961e-51,greater
"Median split, upper half",Punitiveness (full index),A painful death for the shark,470,0.12231429420915411,0.03222232580368298,0.21043467478069228,0.007939687416273234,0.003969843708136617,greater
"Median split, upper half",Punitiveness (full index),Putting the shark to death (yes),470,0.18926936605375655,0.10054211010493519,0.2750098871050804,3.6320359655877154e-5,1.8160179827938577e-5,greater
Top third,Punitiveness (full index),Restricting due-process rights,314,0.5503415664033076,0.46817603317195156,0.6230717780600195,2.931810424953508e-26,1.465905212476754e-26,greater
Top third,Punitiveness (full index),Convicting on substandard evidence,314,0.3356340192661709,0.23362916953706084,0.4303315106403646,1.049927258736489e-9,5.249636293682445e-10,greater
Top third,Punitiveness (full index),Hatred toward offenders,314,0.6212849395579106,0.5483058990613642,0.6848727794360162,6.514349696447025e-35,3.2571748482235123e-35,greater
Top third,Punitiveness (full index),Degradation of prisoners,314,0.5376222912639677,0.4539511835927136,0.6118947768978148,6.438159271238969e-25,3.2190796356194845e-25,greater
Top third,Punitiveness (full index),Infliction of suffering,314,0.5874747331622873,0.5099497207374997,0.6555333093000372,1.5976806478608617e-30,7.988403239304308e-31,greater
Top third,Punitiveness (full index),Tolerance of prison violence,314,0.5170074714079617,0.43098642316480223,0.5937163850414333,7.346730875108731e-23,3.6733654375543653e-23,greater
Top third,Punitiveness (full index),Harsh prison conditions,314,0.6305459024105603,0.5588658940176564,0.6928733493302917,3.281826441790769e-36,1.6409132208953843e-36,greater
Top third,Punitiveness (full index),A painful death for the shark,314,0.17137250731105363,0.06186190137370219,0.27680601100828545,0.0023099080527508014,0.0011549540263754007,greater
Top third,Punitiveness (full index),Putting the shark to death (yes),314,0.19200382927259269,0.08308552784953357,0.2963890564385737,6.247684264902754e-4,3.123842132451377e-4,greater
"Sentencing ratio, kept or raised",Punitiveness (eight-item scale),Restricting due-process rights,514,0.5360061120127085,0.47137063971007626,0.5949143915645014,1.4440559714313842e-39,7.220279857156921e-40,greater
"Sentencing ratio, kept or raised",Punitiveness (eight-item scale),Convicting on substandard evidence,514,0.41497253868996975,0.34071358211833747,0.4840858964197807,8.198114056747364e-23,4.099057028373682e-23,greater
"Sentencing ratio, kept or raised",Punitiveness (eight-item scale),Hatred toward offenders,514,0.6508786743463684,0.5980578168976791,0.6980696079669226,2.9477049910133017e-63,1.4738524955066508e-63,greater
"Sentencing ratio, kept or raised",Punitiveness (eight-item scale),Degradation of prisoners,514,0.5554054098810357,0.49257957768298305,0.6124721546415768,6.1858636917289195e-43,3.0929318458644597e-43,greater
"Sentencing ratio, kept or raised",Punitiveness (eight-item scale),Infliction of suffering,514,0.6244325835340354,0.5686559635759917,0.6744934143469875,6.457027015576252e-57,3.228513507788126e-57,greater
"Sentencing ratio, kept or raised",Punitiveness (eight-item scale),Tolerance of prison violence,514,0.461256899322689,0.3903416187027556,0.5267312214679255,1.9222138509440335e-28,9.611069254720168e-29,greater
"Sentencing ratio, kept or raised",Punitiveness (eight-item scale),Harsh prison conditions,514,0.6941647658842083,0.6464905732421624,0.7364388007649768,4.0010710349345403e-75,2.0005355174672702e-75,greater
"Sentencing ratio, kept or raised",Punitiveness (eight-item scale),A painful death for the shark,514,0.1296670504294485,0.04366969799231555,0.21375695498230998,0.0032291232189186007,0.0016145616094593003,greater
"Sentencing ratio, kept or raised",Punitiveness (eight-item scale),Putting the shark to death (yes),514,0.18831612448989535,0.10351497653900858,0.27039924289459283,1.7270703998260247e-5,8.635351999130123e-6,greater
