group,pair,x,y,n,r,ci_lower,ci_upper,p_two,p_dir,alternative
Retributivists (ranked retribution first),Desert theory with the proportionality principle,retribution_items,proportionality_principle,371,0.07752265921904616,-0.02448677037575902,0.17793436683197694,0.13611994446851394,0.13611994446851394,two.sided
Retributivists (ranked retribution first),Desert theory with the severity index,retribution_items,severity_index,371,0.2771859778946702,0.18046284817105107,0.3685995127457085,5.709155617641373e-8,5.709155617641373e-8,two.sided
Retributivists (ranked retribution first),"Desert (registered, items 1-4) with the registered proportionality component",deserved,proportionality_jd,371,0.07189333926973547,-0.030143462028818412,0.1724471965365323,0.16700875552599426,0.16700875552599426,two.sided
Retributivists (ranked retribution first),Severity index minus principle (Steiger),NA,NA,371,0.19966331867562404,0.044453274875262405,0.352074660228635,0.011841460449142138,0.011841460449142138,two.sided
All other participants,Desert theory with the proportionality principle,retribution_items,proportionality_principle,577,0.25307982627995823,0.17507108897190218,0.32793083010024515,6.974254776610116e-10,6.974254776610116e-10,two.sided
All other participants,Desert theory with the severity index,retribution_items,severity_index,577,0.4855026154687193,0.42054313905083673,0.5455097524942463,1.860324491250509e-35,1.860324491250509e-35,two.sided
All other participants,"Desert (registered, items 1-4) with the registered proportionality component",deserved,proportionality_jd,577,0.08118076470188602,-4.475072271389866e-4,0.1617343539664564,0.05129327625163628,0.05129327625163628,two.sided
All other participants,Severity index minus principle (Steiger),NA,NA,577,0.23242278918876108,0.13328460292413646,0.33087059566366006,4.596987992933066e-6,4.596987992933066e-6,two.sided
Deterrence- or incapacitation-first,Desert theory with the proportionality principle,retribution_items,proportionality_principle,453,0.17737381571168664,0.08665838895171725,0.26517202108229865,1.4770883010480703e-4,1.4770883010480703e-4,two.sided
Deterrence- or incapacitation-first,Desert theory with the severity index,retribution_items,severity_index,453,0.4845743230753208,0.41078194202222756,0.5520594279273461,4.740927709083229e-28,4.740927709083229e-28,two.sided
Deterrence- or incapacitation-first,"Desert (registered, items 1-4) with the registered proportionality component",deserved,proportionality_jd,453,0.062315362979183705,-0.02998838135428469,0.15356528669610486,0.1855262809141124,0.1855262809141124,two.sided
Deterrence- or incapacitation-first,Severity index minus principle (Steiger),NA,NA,453,0.30720050736363413,0.19166540423895978,0.42107470218737614,2.2563435808642396e-7,2.2563435808642396e-7,two.sided
