hypothesis,outcome,variable,grouping,n1,n2,M1,SD1,M2,SD2,t,df,p_dir,p_two,d,d_lower,d_upper,alternative
H13,Hostile-aggression cluster (z),hostile_agg,grp_ratio,514,433,0.17590156345383967,0.8201867659326902,-0.20622453477693625,0.7148429716258506,7.659534540276081,943.8985804047585,2.3074765378844114e-14,4.614953075768823e-14,0.496706250959675,0.36751916909549653,0.6256377676167013,greater
H13,Hatred,hatred,grp_ratio,514,433,4.252269779507134,1.5079459719154316,3.681293302540416,1.3433426654850003,6.160032240347618,942.0368069627973,5.380130183469912e-10,1.0760260366939824e-9,0.3998384433199104,0.271241631169353,0.5282270462768863,greater
H13,Revenge,revenge,grp_ratio,514,433,4.413424124513619,1.4017688446537215,3.8285219399538106,1.3087625393307556,6.631788401373306,935.0449640882628,2.8010666359810056e-11,5.602133271962011e-11,0.4313236631710576,0.3022472775486014,0.560174455806182,greater
H13,Degradation,degradation,grp_ratio,514,433,3.748378728923476,1.312632747742304,3.340261739799846,1.1088881620907731,5.18645978488776,944.9916044282945,1.3111357329905973e-7,2.6222714659811946e-7,0.3358880804915176,0.20796839824676566,0.4636324259378848,greater
H13,Infliction of suffering,suffering,grp_ratio,514,433,3.916342412451362,1.672447707050229,3.3071593533487293,1.5498266076886082,5.811225690507019,936.430229218694,4.248272138260031e-9,8.496544276520062e-9,0.3778340340929415,0.24915854841705523,0.5063111913892828,greater
H13,Tolerance of prison violence,prisonviol,grp_ratio,514,433,3.177042801556421,1.4448194104346561,2.632794457274827,1.183523379405257,6.371591920771607,944.278334041636,1.4597344080555696e-10,2.919468816111139e-10,0.412106546158793,0.2838766936377004,0.5401225594345217,greater
H13,Anger,anger,grp_ratio,514,433,4.649805447470817,1.6651835392488925,4.211316397228638,1.5293536440740383,4.220087413660051,937.9518092838707,1.3396458391672417e-5,2.6792916783344834e-5,0.27427648462023185,0.1462168590337117,0.40219121489712223,greater
H13,Social exclusion,exclusion,grp_ratio,514,433,4.692607003891051,1.4520632150767296,4.269438029253272,1.340748101059581,4.657912531445181,937.0621534059011,1.8278799187796787e-6,3.6557598375593574e-6,0.30280115301639415,0.17457287652197845,0.4308696680555945,greater
H13,Harsh prison conditions,harsh,grp_ratio,514,433,3.43514915693904,1.539814870287618,2.8121632024634335,1.3137551282827833,6.718247450162758,944.8437106774306,1.5868541109590836e-11,3.173708221918167e-11,0.43527247569467253,0.30666745976090465,0.5636522798396228,greater
H13,Perceived crime rates,crimerates,grp_ratio,514,433,5.230544747081712,1.3525158475510857,4.861431870669746,1.3753668805491646,4.145604335205587,912.5583712259008,1.852432963997291e-5,3.704865927994582e-5,0.2706127523030848,0.141997852002197,0.3990807141134803,greater
H13,Fear of crime,fear,grp_ratio,514,433,3.1134889753566797,1.3254656018603086,3.0769822940723635,1.3363108451404908,0.4203648451198452,915.3449780540666,0.3371588037422435,0.674317607484487,0.027430085877184502,-0.10047718935732976,0.15532238853265912,greater
H15,Shark: how painful the death should be,Shark_3,grp_ratio,514,433,1.7957198443579772,1.590389376757435,1.8845265588914553,1.5636394570755618,-0.8638936715211564,922.8412422386191,0.8060646101090064,0.38787077978198714,-0.05631116608277506,-0.1840780327153526,0.07148620079205795,greater
H16,Essentialism about criminals,essentialism,grp_ratio,514,433,4.025291828793773,1.2463758035659944,3.453810623556582,1.1492511777714651,7.333569528466531,937.295927304468,2.4220944600638374e-13,4.844188920127675e-13,0.476712041123316,0.347368386659925,0.6058081534632647,greater
H17,Crime is a choice,choice,grp_ratio,514,433,4.988326848249027,1.5386064687474623,4.295612009237876,1.4974219070232755,7.003153091997498,925.595499585732,2.4045984963184897e-12,4.8091969926369794e-12,0.45628764064495414,0.3267866562946242,0.5855481965703946,greater
H18,Leaning toward the prosecution,leanPros,grp_ratio,514,433,0.33949416342412475,0.6556223602830374,0.04734411085450365,0.6557781738195174,6.830409002153318,917.8105814243991,7.699501514113313e-12,1.5399003028226627e-11,0.4455542649407617,0.31597130152859015,0.5749002405938042,greater
H19,Rejecting society's responsibility,society_reject,grp_ratio,514,433,3.7282749675745785,1.5416702498415609,3.127790608160123,1.1627314890912452,6.82267481405747,933.9942811691667,8.024055189473977e-12,1.6048110378947953e-11,0.43978302406073,0.31176663818797506,0.5675694253737007,greater
H20,Due-process permissiveness,dueprocess,grp_ratio,514,433,3.1329442282749675,1.1988044816889425,2.8098537336412623,1.1340345525673876,4.254863269725651,932.3817595222316,1.1514843644419574e-5,2.302968728883915e-5,0.2768866883310702,0.14865033271712433,0.4049759338504576,greater
H20,Convicting on uncertain evidence,uncertain,grp_ratio,514,433,3.0209143968871595,1.1112245587406124,2.8545034642032334,1.0820865884142257,2.328722644571306,925.447976201803,0.010044159034796411,0.020088318069592822,0.15173063792449168,0.0237991350019468,0.2795804074253194,greater
H21,Punitiveness (five attitude components),punit_parts5z,grp_ratio,514,433,0.2052458535047414,0.7310256424611523,-0.23924027871362677,0.7244514424309195,9.366919220782824,920.5793582472318,2.791942206012526e-20,5.583884412025052e-20,0.6107710010332994,0.47980377393466284,0.7414208217747791,greater
E1,Right-Wing Authoritarianism,rwa,grp_ratio,514,433,3.657587548638132,1.6149251538551908,3.358891454965358,1.6573267938510587,2.795413986951811,909.4745022106453,0.0026462399565239875,0.005292479913047975,0.18254769183148065,0.054232507659488595,0.3107629725378219,greater
E1,Social Dominance Orientation,sdo,grp_ratio,514,433,2.723735408560311,1.4402207216693756,2.3380484988452657,1.1978436219097335,4.498996984549029,944.8513041332048,3.8385599428801694e-6,7.677119885760339e-6,0.2911750683842031,0.16357258780289097,0.41862503562477543,greater
E1,Violence proneness,vprone,grp_ratio,514,433,3.2996108949416345,1.3195448755959291,2.8897228637413392,1.29919113613159,4.802084571542766,922.4440818156596,9.157396051103041e-7,1.8314792102206082e-6,0.31303319568489774,0.18438951180482924,0.4415092060718078,greater
E1,Racial resentment,raceresent,grp_ratio,514,433,3.893968871595331,1.942382183000579,3.131639722863741,1.5972499049268443,6.6271689453096165,944.4640181302046,2.8714773847434698e-11,5.7429547694869396e-11,0.42870611378056195,0.3003415503167616,0.5568486538474626,greater
E1,Cognitive reflection (0-3),CRT,grp_ratio,512,432,1.447265625,1.1973357343753392,1.532407407407407,1.2314011187686291,-1.0718275262416395,906.4055470951022,0.14204140117305117,0.28408280234610234,-0.07010509076462237,-0.1983218542757973,0.0581503246693497,less
E1,"Cognitive reflection (0-2, lily pad dropped)",CRT_2item,grp_ratio,512,432,0.931640625,0.8140250815637519,1.0162037037037035,0.8383036872742593,-1.5646539264492927,905.9468876151814,0.059006647702229464,0.11801329540445893,-0.1023451908018308,-0.23060626503010143,0.025972292479390723,less
