y,r_registered,ci_lower_registered,ci_upper_registered,sig_registered,r_parts5,ci_lower_parts5,ci_upper_parts5,sig_parts5,diff
Harsh prison conditions,0.7091137829627124,0.6759622700062905,0.7394010202390436,***,0.6967000065165538,0.6624131756169654,0.7280741273411474,***,-0.012413776446158598
Revenge,0.6926240244483632,0.6579693057025456,0.72435127649554365,***,0.6970478546730617,0.6627925314528387,0.7283917532585507,***,0.0044238302246984995
Hatred,0.6787723960676474,0.6428854813840416,0.7116858697071594,***,0.6685678207135182,0.631790917543985,0.7023414825283254,***,-0.01020457535412922
Infliction of suffering,0.6417608396177977,0.6027175832718551,0.6777386021704144,***,0.6386112917509006,0.5993085533313465,0.6748427157339288,***,-0.00314954786689714
Social exclusion,0.6251243760701382,0.5847265941874651,0.6624293899109948,***,0.6208262204000375,0.5800849372580563,0.6584690679880152,***,-0.004298155670100612
Due-process permissiveness,0.5654162947933391,0.5204827272160036,0.6072269961390412,***,0.56180148788408,0.5166095810751747,0.6038719603428543,***,-0.003614806909259083
Degradation,0.5524929908154768,0.5066443401646026,0.5952255329949756,***,0.5465085453549094,0.5002441364101621,0.5896615023437513,***,-0.005984445460567311
Anger,0.5444007820369978,0.49799114329094996,0.5877008361580179,***,0.5361365377437508,0.48916351325836643,0.5800084298463638,***,-0.008264244293247014
Tolerance of prison violence,0.5016857807882958,0.4524675837450307,0.5478569526889069,***,0.49307935051365936,0.44332621512703185,0.5398035750162162,***,-0.008606430274636478
Perceived crime rates,0.48863197397944796,0.43860646125863617,0.5356386340988039,***,0.48929443242310117,0.4393093167638293,0.536259167369602,***,6.624584436532022e-4
Convicting on uncertain evidence,0.473584762237021,0.4226581280788588,0.5215300331525927,***,0.467972166707179,0.41671748060687375,0.5162608163578754,***,-0.005612595529842002
Fear of crime,0.2418258613419944,0.18094049095370962,0.30086471213748434,***,0.23826876169882552,0.17728698392875322,0.2974278936072041,***,-0.0035570996431688873
