"target","moderator","n","b_target","test","b_interaction","F","df_num","df_den","p","p_BH","outcome","covariate"
"Hostile aggression","Age",496,0.496490662312899,"t on the interaction",0.0179575265621611,NA,1,492,0.453800559044879,0.597189040860346,"punit_six",""
"Hostile aggression","Gender (women vs men)",493,0.527402172165864,"t on the interaction",-0.0661903110733067,NA,1,489,0.149238191780382,0.355333571545781,"punit_six",""
"Hostile aggression","Race (non-White vs White)",496,0.52388054899473,"t on the interaction",-0.0900167907179051,NA,1,492,0.0598897647728776,0.23955905909151,"punit_six",""
"Hostile aggression","Race (seven categories)",496,0.52388054899473,"joint F (type 3)",NA,1.47669487926023,6,482,0.184190978142081,0.355333571545781,"punit_six",""
"Hostile aggression","Education",496,0.491988897123866,"t on the interaction",-0.0341910489745848,NA,1,492,0.131026898196656,0.349405061857748,"punit_six",""
"Hostile aggression","Political orientation",496,0.444967331194453,"t on the interaction",-0.072018917008372,NA,1,492,0.000577398314588272,0.00692877977505927,"punit_six",""
"Crime concerns","Age",496,0.262399361607908,"t on the interaction",0.159295157237741,NA,1,492,6.80353063733919e-08,1.63284735296141e-06,"punit_six",""
"Crime concerns","Gender (women vs men)",493,0.288853339449538,"t on the interaction",-0.0805712499660526,NA,1,489,0.192472351253965,0.355333571545781,"punit_six",""
"Crime concerns","Race (non-White vs White)",496,0.284109601166492,"t on the interaction",-0.086996835688655,NA,1,492,0.168500145076155,0.355333571545781,"punit_six",""
"Crime concerns","Race (seven categories)",496,0.284109601166492,"joint F (type 3)",NA,1.86162908325324,6,482,0.0856949190353822,0.257084757106146,"punit_six",""
"Crime concerns","Education",496,0.252866570334665,"t on the interaction",0.0744554508224258,NA,1,492,0.00991288647720053,0.0793030918176043,"punit_six",""
"Crime concerns","Political orientation",496,0.202620015111224,"t on the interaction",-0.0534573255618154,NA,1,492,0.0506675377085743,0.23955905909151,"punit_six",""
"Right-wing authoritarianism","Age",496,0.428414370521102,"t on the interaction",0.0203229751687206,NA,1,492,0.439896617826774,0.597189040860346,"punit_six",""
"Right-wing authoritarianism","Gender (women vs men)",493,0.454619423097372,"t on the interaction",-0.0599544856384989,NA,1,489,0.243451196411542,0.417344908134071,"punit_six",""
"Right-wing authoritarianism","Race (non-White vs White)",496,0.416610775994589,"t on the interaction",0.0370057120070458,NA,1,492,0.497657534050289,0.597189040860346,"punit_six",""
"Right-wing authoritarianism","Race (seven categories)",496,0.416610775994589,"joint F (type 3)",NA,0.959439053476685,6,482,0.452210900422836,0.597189040860346,"punit_six",""
"Right-wing authoritarianism","Education",496,0.44015350598955,"t on the interaction",-0.0466176694240939,NA,1,492,0.0721687491112659,0.247435711238626,"punit_six",""
"Right-wing authoritarianism","Political orientation",496,0.370762477446164,"t on the interaction",-0.0534292761696921,NA,1,492,0.039770135920132,0.238620815520792,"punit_six",""
"Racial resentment","Age",496,0.388599836243622,"t on the interaction",0.024373170852033,NA,1,492,0.370537627655265,0.592860204248424,"punit_six",""
"Racial resentment","Gender (women vs men)",493,0.396143871239876,"t on the interaction",-0.0207752391497627,NA,1,489,0.699540254900774,0.763134823528117,"punit_six",""
"Racial resentment","Race (non-White vs White)",496,0.391075751989579,"t on the interaction",-0.00207767413245513,NA,1,492,0.970742541582041,0.970742541582041,"punit_six",""
"Racial resentment","Race (seven categories)",496,0.391075751989579,"joint F (type 3)",NA,0.728593351966027,6,482,0.626755502523662,0.716292002884185,"punit_six",""
"Racial resentment","Education",496,0.384308872309359,"t on the interaction",-0.018896081928377,NA,1,492,0.473322958597085,0.597189040860346,"punit_six",""
"Racial resentment","Political orientation",496,0.31196460594208,"t on the interaction",0.00727121556062844,NA,1,492,0.791545738304537,0.825960770404734,"punit_six",""
