composite,k,alpha,omega,items
retribution (7),7,0.9035919629601904,0.9143133791274782,"Retribution_1, Retribution_2, Retribution_3, Retribution_4, Retribution_5, Retribution_6, Retribution_7"
deterrence,3,0.8062445384262685,0.8099844444185804,"Deterrence_1, Deterrence_2, Deterrence_3"
incapacitation,2,0.8673617433586414,0.8678859877369489,"Incapacitation_1, Incapacitation_2"
rehabilitation,2,0.6050970170865944,0.6113859935663584,"Rehabilitation_1, Rehabilitation_2"
"solidarity (Durkheimian, S2+S3)",2,0.6363623507831333,0.654052857541007,"Solidarity_2, Solidarity_3"
"solidarity (all 3, sensitivity only)",3,0.776773145249297,0.7852956956536543,"Solidarity_1, Solidarity_2, Solidarity_3"
punitiveness (8-item self-report),8,0.8463440756876478,0.8478754157687977,"punishmore_1_R, punishmore_2, parsimony_1_R, parsimony_2_R, threestrikes_1, threestrikes_2, LWOP, deathpenalty"
revenge,4,0.7380454165956318,0.7631765544576155,"revenge_1, revenge_2, revenge_3, revenge_4"
proportionality (just-deserts),3,0.23662801092236152,0.46891893657525524,"proportionality, severity_1_R, severity_2_R"
deserved (R1-R4),4,0.8861803502659333,0.8919102711935089,"Retribution_1, Retribution_2, Retribution_3, Retribution_4"
due process (permissive),3,0.5639078956052265,0.5905711834713768,"dueprocess_1, dueprocess_2_R, dueprocess_3"
uncertain evidence,4,0.6621972496027353,0.6692423227056237,"uncertain_1, uncertain_2, uncertain_3, uncertain_4"
hatred,3,0.7877086105827329,0.8078885294153316,"hate_1, hate_2_R, hate_3"
anger,2,0.8304790110191809,0.8309838734881337,"anger_1, anger_2"
degradation,3,0.5383100269388522,0.6309547713826164,"degrad_1_R, degrad_2, degrad_3"
infliction of suffering,2,0.7790722523967979,0.7799284470810457,"suffer_1, suffer_2"
prison-violence tolerance,2,0.6417474122272047,0.6454335778129638,"prisonvi_1_R, prisonvi_2_R"
harsh conditions,3,0.809798430767908,0.8146421547403508,"harsh_1, harsh_2_R, harsh_3"
perceived crime rates,2,0.8265541532864473,0.8354517532609501,"rates_1, rates_2"
fear of crime,3,0.7431759015722181,0.7612458426279972,"fear_1_R, fear_2, fear_3"
social exclusion (hostile solidarity),3,0.7244234810847707,0.7518035476158786,"exclusion_1, exclusion_2, exclusion_3"
essentialism,4,0.7116779963778441,0.7240602329875989,"essential_1, essential_2, essential_3_R, essential_4"
crime as choice,2,0.7114084743242839,0.7116143275710544,"choice_1, choice_2"
society responsibility (rejected),3,0.7333641704199719,0.7444104557458076,"Society_1_R, Society_2_R, Society_3_R"
RWA,5,0.8708112952424205,0.873856818667358,"rwa_1, rwa_2, rwa_3_R, rwa_4, rwa_5"
SDO7,8,0.8947331999004963,0.8983878223328614,"sdo_1, sdo_2, sdo_3_R, sdo_4_R, sdo_5, sdo_6, sdo_7_R, sdo_8_R"
violence proneness,4,0.6918125246621518,0.6970651310580475,"vprone_1, vprone_2, vprone_3, vprone_4"
racial resentment,4,0.9061440771256027,0.90655848789749,"Raceresent_1_R, Raceresent_2, Raceresent_3, Raceresent_4_R"
