"study","cluster","r","ci_lower","ci_upper"
"Study 1 (N = 496)","Hostile aggression",0.69034742367396,0.641281228857031,0.733790812435412
"Study 1 (N = 496)","Emotions",0.622234594432798,0.5651520406358,0.673387584694636
"Study 1 (N = 496)","Personality and ideology",0.597462400058705,0.537703349107065,0.651248645191594
"Study 1 (N = 496)","Crime concerns",0.359566977994889,0.280400001053936,0.433875290228308
"Study 2 (N = 948)","Hostile aggression",0.754024871609163,0.725168698288284,0.780237216130153
"Study 2 (N = 948)","Emotions",0.65351758474355,0.615455534438604,0.68853862098298
"Study 2 (N = 948)","Personality and ideology",0.634535892338485,0.59489950830215,0.671093888065
"Study 2 (N = 948)","Crime concerns",0.396533266840693,0.341483602550183,0.448871617773072
"Study 1 (N = 496)","Personality and ideology (21 shared items)",0.628800964603152,0.572449122164257,0.679240615081577
